{"train_accuracy":{"0":0.4984375},"test_accuracy":{"0":0.97875},"classification_report":{"0":{"0":{"precision":0.9703872437,"recall":0.9906976744,"f1-score":0.9804372842,"support":430.0},"1":{"precision":0.9889196676,"recall":0.9648648649,"f1-score":0.976744186,"support":370.0},"accuracy":0.97875,"macro avg":{"precision":0.9796534557,"recall":0.9777812696,"f1-score":0.9785907351,"support":800.0},"weighted avg":{"precision":0.9789584898,"recall":0.97875,"f1-score":0.9787292263,"support":800.0}}},"confusion_matrix":{"0":[[426,4],[13,357]]},"learning_curves":{"0":{"train_losses":[0.466528632,0.218426859,0.1455551199,0.0989132659,0.0937906624,0.0931486892,0.0704213089,0.0647924653,0.0625292948,0.0585296282,0.0569110631,0.0523614181,0.0546091832,0.0443924826,0.0578872099,0.0451679408],"val_losses":[0.3770446646,0.2217115264,0.1762502413,0.1319841911,0.1297682006,0.0998915507,0.0686225453,0.0764235943,0.0728457053,0.066694816,0.0550373256,0.0673871756,0.073974388,0.0577910095,0.0583268059,0.0553505073]}}}